INSERT INTO shop.gender (id, label) VALUES (1, 'male');
INSERT INTO shop.gender (id, label) VALUES (2, 'female');
INSERT INTO shop.oauthtoken (id, userId, access_token, refresh_token, create_at) VALUES (109, 254, 'eyJhbGciOiJIUzI1NiIsInR5cCI6IkpXVCJ9.eyJpYXQiOjE2MDM1NTg3NDEsImV4cCI6MTY5OTQ2Mjc0MX0.EcPd8Th3MW5NTz2N5VGhiVTjItB_N0cDnS3U3Lu8V3I', 'eyJhbGciOiJIUzI1NiIsInR5cCI6IkpXVCJ9.eyJpYXQiOjE2MDM1NTg3NDEsImV4cCI6MTY5OTQ2Mjc0MX0.QlbKsf-DhPzgMc9k3f_2I4xXXHCzldDFthylsB2JK_o', '2020-10-24 16:59:01');
INSERT INTO shop.oauthtoken (id, userId, access_token, refresh_token, create_at) VALUES (110, 252, 'eyJhbGciOiJIUzI1NiIsInR5cCI6IkpXVCJ9.eyJpYXQiOjE2MDM3MzgwOTgsImV4cCI6MTY5OTY0MjA5OH0.gX1uRgUCEMkzoIxAbjg-VeiKIUw0p4BFStbvnIxI4aA', 'eyJhbGciOiJIUzI1NiIsInR5cCI6IkpXVCJ9.eyJpYXQiOjE2MDM3MzgwOTgsImV4cCI6MTY5OTY0MjA5OH0.YlwYkkw9pSXQCSht_MZxT6-IfBcEDMRxcWHRgmf4WpM', '2020-10-26 18:48:18');
INSERT INTO shop.product (productId, name, description, price, type_id, status_id, size_id, weight, section_id, product_photo, create_at) VALUES (58, 'Піца Маргарита', 'Неаполітанський соус, сир моцарела, помідор, базилік
', 74, 1, 1, 1, 300, 7, 'products/58/photos/65ea0980-0f02-11eb-ac20-87ec0a53db18.jpg', '2020-10-15');
INSERT INTO shop.product (productId, name, description, price, type_id, status_id, size_id, weight, section_id, product_photo, create_at) VALUES (84, 'Піца Гавайська', 'Неаполітанський соус, сир моцарела, шинка, ананаси консервовані, кукурудза, курка смажена', 70, 1, 1, 1, 370, 7, 'products/84/photos/3ccc9730-0f0b-11eb-b28d-ef5f7bb30a77.jpg', '2020-10-15');
INSERT INTO shop.product (productId, name, description, price, type_id, status_id, size_id, weight, section_id, product_photo, create_at) VALUES (122, 'Піца Галицька', 'Неаполітанський соус, сир моцарела, печериці свіжі, синя цибуля, фарш яловичий, часникова олія', 84, 1, 1, 1, 300, 7, 'products/122/photos/367b2bb0-13cc-11eb-8b68-7999e2c652a8.jpg', '2020-10-21');
INSERT INTO shop.product (productId, name, description, price, type_id, status_id, size_id, weight, section_id, product_photo, create_at) VALUES (127, 'Піца з копченою куркою', 'Неаполітанський соус, сир моцарела, помідор, печериці свіжі, курка копчена', 87, 1, 1, 1, 320, 7, 'products/127/photos/e7efc580-15d5-11eb-977a-e53896d19174.jpg', '2020-10-24');
INSERT INTO shop.product (productId, name, description, price, type_id, status_id, size_id, weight, section_id, product_photo, create_at) VALUES (136, 'Нігірі з омлетом тамаго', 'Рис, кунжут, омлет тамаго, соус унагі, норі', 19, 3, 1, 1, 49, null, 'products/136/photos/c8d38aa0-15db-11eb-95db-719060566585.jpg', '2020-10-24');
INSERT INTO shop.product (productId, name, description, price, type_id, status_id, size_id, weight, section_id, product_photo, create_at) VALUES (137, 'Нігірі з омлетом тамаго123', 'Рис, кунжут, омлет тамаго, соус унагі, норі', 19, 3, 1, 1, 49, null, 'products/137/photos/55588580-17bb-11eb-921b-f522b61e719e.jpg', '2020-10-26');
INSERT INTO shop.productsection (id, section) VALUES (4, 'cheese');
INSERT INTO shop.productsection (id, section) VALUES (5, 'half');
INSERT INTO shop.productsection (id, section) VALUES (2, 'hot');
INSERT INTO shop.productsection (id, section) VALUES (6, 'hot_roles');
INSERT INTO shop.productsection (id, section) VALUES (7, 'meat');
INSERT INTO shop.productsection (id, section) VALUES (3, 'philadelphia');
INSERT INTO shop.productsection (id, section) VALUES (1, 'vegetarian');
INSERT INTO shop.productsize (id, size) VALUES (1, 22);
INSERT INTO shop.productsize (id, size) VALUES (2, 30);
INSERT INTO shop.productsize (id, size) VALUES (3, 40);
INSERT INTO shop.productstatus (id, status) VALUES (1, 'in_stock');
INSERT INTO shop.productstatus (id, status) VALUES (2, 'deleted');
INSERT INTO shop.producttype (id, type) VALUES (4, 'chains');
INSERT INTO shop.producttype (id, type) VALUES (7, 'desserts');
INSERT INTO shop.producttype (id, type) VALUES (8, 'drinks');
INSERT INTO shop.producttype (id, type) VALUES (5, 'miso_soups');
INSERT INTO shop.producttype (id, type) VALUES (1, 'pizza');
INSERT INTO shop.producttype (id, type) VALUES (2, 'roles');
INSERT INTO shop.producttype (id, type) VALUES (6, 'salads');
INSERT INTO shop.producttype (id, type) VALUES (9, 'supplements');
INSERT INTO shop.producttype (id, type) VALUES (3, 'sushi');
INSERT INTO shop.user (userId, name, surname, age, email, password, phone, gender_id, status_id, role_id, postOfficeLocation, street, city, user_photo, create_at) VALUES (2, 'JWT_SECRET', '', 34, 'volodimirperun007a@gmail.com', '$2b$10$mXhRVFk.saPtOev75qQlLuSFLwhbRbYhOEIonfCgXmwfkGdH8vao.', 0, null, null, null, '', '', '', null, '2020-01-01 00:00:00');
INSERT INTO shop.user (userId, name, surname, age, email, password, phone, gender_id, status_id, role_id, postOfficeLocation, street, city, user_photo, create_at) VALUES (7, 'JWT_REFRESH_SECRET', '', 34, 'volodimirperun777@ukr.net', '$2b$10$m6z7akGidsLTGt5hFcIKJuPIaseru7aQNnsZ1rDdw.OMtHkHXNjFq', 0, null, null, null, '', '', '', null, '2020-01-01 01:01:01');
INSERT INTO shop.user (userId, name, surname, age, email, password, phone, gender_id, status_id, role_id, postOfficeLocation, street, city, user_photo, create_at) VALUES (252, 'Євген', 'Дракон', 33, 'volodimirperun007@ukr.net', '$2b$10$ryuyGnjOD7axlInMv8gdW.z18PC08wkbNc93rdv/oANlH7GSEEb6.', 978887352, 1, 1, 1, 'вул.Лімба, буд.2', 'вул.Зимна, буд.12', 'Ужгород', 'users/252/photos/09d49070-13c6-11eb-a259-2b6f021cb7ad.jpg', '2020-10-21 17:56:52');
INSERT INTO shop.user (userId, name, surname, age, email, password, phone, gender_id, status_id, role_id, postOfficeLocation, street, city, user_photo, create_at) VALUES (254, 'Benjamin', 'Franklin', 99, 'volodimirperun007m@ukr.net', '$2b$10$c24QRj5W99EMsbmwrgjXHOXWG7FAqQyPQun5ryYApEydq.gS80J8W', 979765432, 1, 1, 2, 'Someware', 'Wall Street, 1', 'New York', 'users/254/photos/499a0c70-15f7-11eb-889c-b308b6e5681e.png', '2020-10-24 13:01:10');
INSERT INTO shop.userrole (id, label) VALUES (1, 'Admin');
INSERT INTO shop.userrole (id, label) VALUES (2, 'Client');
INSERT INTO shop.userrole (id, label) VALUES (3, 'Seller');
INSERT INTO shop.userstatus (id, label) VALUES (1, 'active');
INSERT INTO shop.userstatus (id, label) VALUES (2, 'blocked');
INSERT INTO shop.userstatus (id, label) VALUES (3, 'deleted');